{
  "Name": "Crankshaft.action",
  "MinFrame": 0.0,
  "MaxFrame": 60.0,
  "Frames": {
    "0.0": {
      "location": [
        2.0514079191315086e-22,
        3.552713678800501e-15,
        5.11373272015208e-15
      ],
      "rotation_quaternion": [
        0.0,
        -8.881784197001252e-16,
        4.235164736271502e-22,
        1.0
      ]
    },
    "5.0": {
      "location": [
        2.0514079191315086e-22,
        3.552713678800501e-15,
        5.11373272015208e-15
      ],
      "rotation_quaternion": [
        -0.1961161345243454,
        -8.709306583721003e-16,
        -1.7418570815794644e-16,
        0.9805806875228882
      ]
    },
    "10.0": {
      "location": [
        2.0514079191315086e-22,
        3.552713678800501e-15,
        5.11373272015208e-15
      ],
      "rotation_quaternion": [
        -0.44721361994743347,
        -7.944111312852453e-16,
        -3.9720511565636944e-16,
        0.8944271802902222
      ]
    },
    "15.0": {
      "location": [
        2.0514079191315086e-22,
        3.552713678800501e-15,
        5.11373272015208e-15
      ],
      "rotation_quaternion": [
        -0.7071067690849304,
        -6.280372903624701e-16,
        -6.280366550877596e-16,
        0.7071068286895752
      ]
    },
    "20.0": {
      "location": [
        2.0514079191315086e-22,
        3.552713678800501e-15,
        5.11373272015208e-15
      ],
      "rotation_quaternion": [
        -0.8944271802902222,
        -3.972059097497575e-16,
        -7.944107077687717e-16,
        0.44721364974975586
      ]
    },
    "25.0": {
      "location": [
        2.0514079191315086e-22,
        3.552713678800501e-15,
        5.11373272015208e-15
      ],
      "rotation_quaternion": [
        -0.9805806875228882,
        -1.741866081304529e-16,
        -8.709304995534227e-16,
        0.19611620903015137
      ]
    },
    "30.0": {
      "location": [
        2.0514079191315086e-22,
        3.552713678800501e-15,
        5.11373272015208e-15
      ],
      "rotation_quaternion": [
        -1.0,
        -2.7881383713806193e-22,
        -8.881784197001252e-16,
        -1.6292068494294654e-07
      ]
    },
    "35.0": {
      "location": [
        2.0514079191315086e-22,
        3.552713678800501e-15,
        5.11373272015208e-15
      ],
      "rotation_quaternion": [
        -0.9805806279182434,
        1.7418585374173425e-16,
        -8.709306583721003e-16,
        -0.19611629843711853
      ]
    },
    "40.0": {
      "location": [
        2.0514079191315086e-22,
        3.552713678800501e-15,
        5.11373272015208e-15
      ],
      "rotation_quaternion": [
        -0.8944271206855774,
        3.9720522153548785e-16,
        -7.944110783456861e-16,
        -0.447213739156723
      ]
    },
    "45.0": {
      "location": [
        2.0514079191315086e-22,
        3.552713678800501e-15,
        5.11373272015208e-15
      ],
      "rotation_quaternion": [
        -0.7071067690849304,
        6.280367080273189e-16,
        -6.280372903624701e-16,
        -0.7071067690849304
      ]
    },
    "50.0": {
      "location": [
        2.0514079191315086e-22,
        3.552713678800501e-15,
        5.11373272015208e-15
      ],
      "rotation_quaternion": [
        -0.4472135007381439,
        7.944107607083309e-16,
        -3.972057774008595e-16,
        -0.8944272398948669
      ]
    },
    "55.0": {
      "location": [
        2.0514079191315086e-22,
        3.552713678800501e-15,
        5.11373272015208e-15
      ],
      "rotation_quaternion": [
        -0.19611606001853943,
        8.709305524929819e-16,
        -1.741864625466651e-16,
        -0.9805806875228882
      ]
    },
    "60.0": {
      "location": [
        3.441071348220595e-22,
        2.4868995751603507e-14,
        2.3113838452807137e-14
      ],
      "rotation_quaternion": [
        8.742277657347586e-08,
        -3.974100160064609e-09,
        -2.432442937596777e-15,
        -1.0
      ]
    }
  }
}