{
  "Name": "CuriousSphereAction.action",
  "MinFrame": 0.0,
  "MaxFrame": 60.0,
  "SkeletonFrames": {
    "Bone.001": {
      "0.0": {
        "location": [
          0.0,
          0.0,
          0.0
        ],
        "rotation_quaternion": [
          0.0,
          0.0,
          0.0,
          1.0
        ]
      },
      "17.0": {
        "location": [
          0.0,
          3.0849227905273438,
          0.0
        ],
        "rotation_quaternion": [
          0.0,
          5.299811789427622e-08,
          -0.3944520652294159,
          0.9189165234565735
        ]
      },
      "32.0": {
        "location": [
          1.0573616027832031,
          1.6550816297531128,
          -0.7689903974533081
        ],
        "rotation_quaternion": [
          -0.28445306420326233,
          0.19457894563674927,
          -0.7748053073883057,
          0.5300020575523376
        ]
      },
      "36.0": {
        "location": [
          1.0573616027832031,
          1.6550816297531128,
          -0.7689903974533081
        ],
        "rotation_quaternion": [
          -0.32949405908584595,
          0.1010354608297348,
          -0.5818053483963013,
          0.7367007732391357
        ]
      },
      "41.0": {
        "location": [
          1.0573616027832031,
          1.6550816297531128,
          -0.7689903974533081
        ],
        "rotation_quaternion": [
          -0.27440330386161804,
          0.20851227641105652,
          -0.8002541065216064,
          0.49073296785354614
        ]
      },
      "45.0": {
        "location": [
          1.0573616027832031,
          1.6550816297531128,
          -0.7689903974533081
        ],
        "rotation_quaternion": [
          -0.3206121325492859,
          0.12642145156860352,
          -0.6374809741973877,
          0.6890888810157776
        ]
      },
      "60.0": {
        "location": [
          0.9878275990486145,
          1.2959691286087036,
          1.2405418157577515
        ],
        "rotation_quaternion": [
          0.34445416927337646,
          -0.4968327581882477,
          -0.6249203681945801,
          0.49394649267196655
        ]
      }
    }
  }
}