{
  "Name": "Piston.action",
  "MinFrame": 0.0,
  "MaxFrame": 60.0,
  "Frames": {
    "0.0": {
      "location": [
        -5.421010862427522e-20,
        0.0,
        1.0842021724855044e-19
      ],
      "rotation_quaternion": [
        0.0,
        0.0,
        -8.461896107704084e-22,
        1.0
      ]
    },
    "5.0": {
      "location": [
        -5.421010862427522e-20,
        0.04570794105529785,
        1.0842021724855044e-19
      ],
      "rotation_quaternion": [
        0.0,
        0.0,
        -8.461896107704084e-22,
        1.0
      ]
    },
    "10.0": {
      "location": [
        -5.421010862427522e-20,
        0.25041627883911133,
        1.0842021724855044e-19
      ],
      "rotation_quaternion": [
        0.0,
        0.0,
        -8.461896107704084e-22,
        1.0
      ]
    },
    "15.0": {
      "location": [
        -5.421010862427522e-20,
        0.6876266002655029,
        1.0842021724855044e-19
      ],
      "rotation_quaternion": [
        0.0,
        0.0,
        -8.461896107704084e-22,
        1.0
      ]
    },
    "20.0": {
      "location": [
        -5.421010862427522e-20,
        1.200840711593628,
        1.0842021724855044e-19
      ],
      "rotation_quaternion": [
        0.0,
        0.0,
        -8.461896107704084e-22,
        1.0
      ]
    },
    "25.0": {
      "location": [
        -5.421010862427522e-20,
        1.507899522781372,
        1.0842021724855044e-19
      ],
      "rotation_quaternion": [
        0.0,
        0.0,
        -8.461896107704084e-22,
        1.0
      ]
    },
    "30.0": {
      "location": [
        -5.421010862427522e-20,
        1.5840413570404053,
        1.0842021724855044e-19
      ],
      "rotation_quaternion": [
        0.0,
        0.0,
        -8.461896107704084e-22,
        1.0
      ]
    },
    "35.0": {
      "location": [
        -5.421010862427522e-20,
        1.507899522781372,
        1.0842021724855044e-19
      ],
      "rotation_quaternion": [
        0.0,
        0.0,
        -8.461896107704084e-22,
        1.0
      ]
    },
    "40.0": {
      "location": [
        -5.421010862427522e-20,
        1.200840711593628,
        1.0842021724855044e-19
      ],
      "rotation_quaternion": [
        0.0,
        0.0,
        -8.461896107704084e-22,
        1.0
      ]
    },
    "45.0": {
      "location": [
        -5.421010862427522e-20,
        0.6876266002655029,
        1.0842021724855044e-19
      ],
      "rotation_quaternion": [
        0.0,
        0.0,
        -8.461896107704084e-22,
        1.0
      ]
    },
    "50.0": {
      "location": [
        -5.421010862427522e-20,
        0.2504158020019531,
        1.0842021724855044e-19
      ],
      "rotation_quaternion": [
        0.0,
        0.0,
        -8.461896107704084e-22,
        1.0
      ]
    },
    "55.0": {
      "location": [
        -5.421010862427522e-20,
        0.04570794105529785,
        1.0842021724855044e-19
      ],
      "rotation_quaternion": [
        0.0,
        0.0,
        -8.461896107704084e-22,
        1.0
      ]
    },
    "60.0": {
      "location": [
        -4.972021058757825e-14,
        0.0,
        1.0842021724855044e-19
      ],
      "rotation_quaternion": [
        0.0,
        -0.0,
        -6.170668902065468e-16,
        1.0
      ]
    }
  }
}