{
  "Name": "Rod.action",
  "MinFrame": 0.0,
  "MaxFrame": 60.0,
  "Frames": {
    "0.0": {
      "location": [
        0.0,
        0.0,
        8.131516293641283e-20
      ],
      "rotation_quaternion": [
        0.0,
        0.0,
        -8.461944575318101e-22,
        1.0
      ]
    },
    "5.0": {
      "location": [
        0.0,
        0.05698204040527344,
        0.22569137811660767
      ],
      "rotation_quaternion": [
        -0.049891576170921326,
        4.221797393569223e-23,
        -8.451406403366307e-22,
        0.998754620552063
      ]
    },
    "10.0": {
      "location": [
        0.0,
        0.2996053695678711,
        0.4694380760192871
      ],
      "rotation_quaternion": [
        -0.1042126715183258,
        8.818418575266227e-23,
        -8.415869544872421e-22,
        0.9945550560951233
      ]
    },
    "15.0": {
      "location": [
        0.0,
        0.7649706602096558,
        0.5867975354194641
      ],
      "rotation_quaternion": [
        -0.13067710399627686,
        1.1057824291233152e-22,
        -8.38938300355421e-22,
        0.9914249777793884
      ]
    },
    "20.0": {
      "location": [
        0.0,
        1.2500298023223877,
        0.46943801641464233
      ],
      "rotation_quaternion": [
        -0.10421266406774521,
        8.818417944177503e-23,
        -8.415869544872421e-22,
        0.9945550560951233
      ]
    },
    "25.0": {
      "location": [
        0.0,
        1.5191736221313477,
        0.22569139301776886
      ],
      "rotation_quaternion": [
        -0.049891579896211624,
        4.221797709113585e-23,
        -8.451406403366307e-22,
        0.998754620552063
      ]
    },
    "30.0": {
      "location": [
        0.0,
        1.5840413570404053,
        -5.1298691516876715e-08
      ],
      "rotation_quaternion": [
        1.1326164894853719e-08,
        -9.584137589937878e-30,
        -8.461944575318101e-22,
        1.0
      ]
    },
    "35.0": {
      "location": [
        0.0,
        1.5191736221313477,
        -0.22569140791893005
      ],
      "rotation_quaternion": [
        0.04989158362150192,
        -4.221798024657947e-23,
        -8.451406403366307e-22,
        0.998754620552063
      ]
    },
    "40.0": {
      "location": [
        0.0,
        1.2500300407409668,
        -0.4694380760192871
      ],
      "rotation_quaternion": [
        0.104212686419487,
        -8.818419837443675e-23,
        -8.415869544872421e-22,
        0.9945550560951233
      ]
    },
    "45.0": {
      "location": [
        0.0,
        0.7649708986282349,
        -0.5867975354194641
      ],
      "rotation_quaternion": [
        0.13067710399627686,
        -1.1057824291233152e-22,
        -8.38938300355421e-22,
        0.9914249777793884
      ]
    },
    "50.0": {
      "location": [
        0.0,
        0.2996050715446472,
        -0.4694380760192871
      ],
      "rotation_quaternion": [
        0.1042126789689064,
        -8.818419206354951e-23,
        -8.415869544872421e-22,
        0.9945550560951233
      ]
    },
    "55.0": {
      "location": [
        0.0,
        0.05698210000991821,
        -0.2256912738084793
      ],
      "rotation_quaternion": [
        0.04989155754446983,
        -4.2217958158474126e-23,
        -8.451406403366307e-22,
        0.998754620552063
      ]
    },
    "60.0": {
      "location": [
        -1.215892078861025e-14,
        0.0,
        1.025989462277721e-07
      ],
      "rotation_quaternion": [
        -2.2652386633126298e-08,
        -1.738777419900373e-22,
        7.675912517906246e-15,
        1.0
      ]
    }
  }
}